<?xml version="1.0"?>
<doc>
    <assembly>
        <name>ExcelDna.Integration</name>
    </assembly>
    <members>
        <member name="M:ExcelDna.Integration.Rtd.ExcelRtdServer.Topic.UpdateValue(System.Object)">
            <summary>
            Sets the topic value and calls UpdateNotify on the RTD Server to refresh.
            </summary>
            <param name="value"></param>
        </member>
        <member name="M:ExcelDna.Integration.Rtd.ExcelRtdServer.Topic.UpdateNotify">
            <summary>
            Calls UpdateNotify on the RTD server to refresh.
            Does not normally need to be called if UpdateValue(newValue) has been called,
            but can be used to force a recalculation of the RTD cell even if the value has not changed.
            NOTE: It seems around Feb 2020 this stopped working, and Excel no longer updates a cell just because RefreshData contains the topic
                  If this is true, we should obsolete this as a public member, since it no longer implements the intended meaning
            </summary>
        </member>
        <member name="M:ExcelDna.Integration.Rtd.ExcelRtdServer.UpdateValues(System.Collections.Generic.IList{ExcelDna.Integration.Rtd.ExcelRtdServer.Topic},System.Collections.Generic.IList{System.Object})">
            <summary>
            Performs a batch update of multiple topics, ensuring that all updates are visible to Excel at the same time.
            </summary>
            <param name="topics">List or array of topics to update</param>
            <param name="values">List or array of values matching the topics</param>
        </member>
        <member name="T:ExcelDna.Integration.ExcelFunctionAttribute">
            <summary>
            For user-defined functions.
            </summary>
        </member>
        <member name="F:ExcelDna.Integration.ExcelFunctionAttribute.Category">
            <summary>
            By default the name of the add-in.
            </summary>
        </member>
        <member name="T:ExcelDna.Integration.ExcelArgumentAttribute">
            <summary>
            For the arguments of user-defined functions.
            </summary>
        </member>
        <member name="F:ExcelDna.Integration.ExcelArgumentAttribute.AllowReference">
            <summary>
            Arguments of type object may receive ExcelReference.
            </summary>
        </member>
        <member name="T:ExcelDna.Integration.ExcelHandleAttribute">
            <summary>
            For the arguments of object handles.
            </summary>
        </member>
        <member name="T:ExcelDna.Integration.ExcelHandleExternalAttribute">
            <summary>
            To indicate that a type will be marshalled as object handles.
            </summary>
        </member>
        <member name="T:ExcelDna.Integration.ExcelCommandAttribute">
            <summary>
            For macro commands.
            </summary>
        </member>
        <member name="T:ExcelDna.Integration.ExcelParameterConversionAttribute">
            <summary>
            For user-defined parameter conversions.
            </summary>
        </member>
        <member name="T:ExcelDna.Integration.ExcelReturnConversionAttribute">
            <summary>
            For user-defined return conversions.
            </summary>
        </member>
        <member name="T:ExcelDna.Integration.ExcelFunctionExecutionHandlerSelectorAttribute">
            <summary>
            For user-defined function execution handlers.
            </summary>
        </member>
        <member name="M:ExcelDna.Integration.ExcelIntegration.RegisterXLL(System.String)">
            <summary>
            
            </summary>
            <param name="xllPath"></param>
            <returns>Either a string with the name of the XLL, or the ExcelError.ExcelErrorValue error.</returns>
        </member>
        <member name="M:ExcelDna.Integration.ExtendedRegistration.SymbolExtensions.GetMethodInfo(System.Linq.Expressions.Expression{System.Action})">
            <summary>
            Given a lambda expression that calls a method, returns the method info.
            </summary>
            <param name="expression">The expression.</param>
            <returns></returns>
        </member>
        <member name="M:ExcelDna.Integration.ExtendedRegistration.SymbolExtensions.GetMethodInfo``1(System.Linq.Expressions.Expression{System.Action{``0}})">
            <summary>
            Given a lambda expression that calls a method, returns the method info.
            </summary>
            <typeparam name="T"></typeparam>
            <param name="expression">The expression.</param>
            <returns></returns>
        </member>
        <member name="M:ExcelDna.Integration.ExtendedRegistration.SymbolExtensions.GetMethodInfo``2(System.Linq.Expressions.Expression{System.Func{``0,``1}})">
            <summary>
            Given a lambda expression that calls a method, returns the method info.
            </summary>
            <typeparam name="T"></typeparam>
            <typeparam name="TResult"></typeparam>
            <param name="expression">The expression.</param>
            <returns></returns>
        </member>
        <member name="M:ExcelDna.Integration.ExtendedRegistration.SymbolExtensions.GetMethodInfo(System.Linq.Expressions.LambdaExpression)">
            <summary>
            Given a lambda expression that calls a method, returns the method info.
            </summary>
            <param name="expression">The expression.</param>
            <returns></returns>
        </member>
        <member name="T:ExcelDna.Integration.GuidUtility">
            <summary>
            Helper methods for working with <see cref="T:System.Guid"/>.
            </summary>
        </member>
        <member name="M:ExcelDna.Integration.GuidUtility.Create(System.Guid,System.String)">
            <summary>
            Creates a name-based UUID using the algorithm from RFC 4122 §4.3.
            </summary>
            <param name="namespaceId">The ID of the namespace.</param>
            <param name="name">The name (within that namespace).</param>
            <returns>A UUID derived from the namespace and name.</returns>
            <remarks>See <a href="http://code.logos.com/blog/2011/04/generating_a_deterministic_guid.html">Generating a deterministic GUID</a>.</remarks>
        </member>
        <member name="M:ExcelDna.Integration.GuidUtility.Create(System.Guid,System.String,System.Int32)">
            <summary>
            Creates a name-based UUID using the algorithm from RFC 4122 §4.3.
            </summary>
            <param name="namespaceId">The ID of the namespace.</param>
            <param name="name">The name (within that namespace).</param>
            <param name="version">The version number of the UUID to create; this value must be either
            3 (for MD5 hashing) or 5 (for SHA-1 hashing).</param>
            <returns>A UUID derived from the namespace and name.</returns>
            <remarks>See <a href="http://code.logos.com/blog/2011/04/generating_a_deterministic_guid.html">Generating a deterministic GUID</a>.</remarks>
        </member>
        <member name="F:ExcelDna.Integration.GuidUtility.DnsNamespace">
            <summary>
            The namespace for fully-qualified domain names (from RFC 4122, Appendix C).
            </summary>
        </member>
        <member name="F:ExcelDna.Integration.GuidUtility.UrlNamespace">
            <summary>
            The namespace for URLs (from RFC 4122, Appendix C).
            </summary>
        </member>
        <member name="F:ExcelDna.Integration.GuidUtility.IsoOidNamespace">
            <summary>
            The namespace for ISO OIDs (from RFC 4122, Appendix C).
            </summary>
        </member>
        <member name="T:ExcelDna.Integration.MenuManager">
            <summary>
            The MenuManager is used by the Loader.
            TODO: Can we integrate with ExcelCommandBars?
                  Hierarchical menus.
            </summary>
        </member>
        <member name="M:ExcelDna.Integration.XlCall.RTD(System.String,System.String,System.String[])">
            <summary>
            Supports the registration-free RTD service.
            </summary>
            <param name="progId">The ProgId or type name of the RTD server.</param>
            <param name="server">not used</param>
            <param name="topics">strings passed to the ConnectData call.</param>
            <returns></returns>
        </member>
        <member name="F:ExcelDna.Logging.LogDisplayForm.components">
            <summary>
            Required designer variable.
            </summary>
        </member>
        <member name="M:ExcelDna.Logging.LogDisplayForm.Dispose(System.Boolean)">
            <summary>
            Clean up any resources being used.
            </summary>
            <param name="disposing">true if managed resources should be disposed; otherwise, false.</param>
        </member>
        <member name="M:ExcelDna.Logging.LogDisplayForm.InitializeComponent">
            <summary>
            Required method for Designer support - do not modify
            the contents of this method with the code editor.
            </summary>
        </member>
        <member name="M:ExcelDna.Registration.AsyncRegistration.ProcessAsyncRegistrations(System.Collections.Generic.IEnumerable{ExcelDna.Registration.ExcelFunctionRegistration},System.Boolean)">
            <summary>
            Wraps methods that are marked with [ExcelFunction] and:
            * Return IObservable, or
            * Return Task or 
            * Are marked with [ExcelAsyncFunction] attribute.
            
            If the function takes as last parameter a CancellationToken, this will be hooked up to the async function cancellation.
            </summary>
            <remarks>NOTE: Currently supports functions with no more than sixteen parameters (fifteen for the native async),
                          due to the limitation of the Expression.LambdaExpression call we use.
            </remarks>
            <param name="registrations">The list is RegistrationEntries to process.</param>
            <param name="nativeAsyncIfAvailable">Under Excel 2010 and later, indicates whether the native async feature should be used.
            Does not apply to functions returning IObservable.</param>
            <returns>The list of RegistrationEntries, with the affected functions wrapped to allow registration in Excel.</returns>
        </member>
        <member name="M:ExcelDna.Registration.ExcelFunctionRegistration.#ctor(System.Linq.Expressions.LambdaExpression,ExcelDna.Integration.ExcelFunctionAttribute,System.Collections.Generic.IEnumerable{ExcelDna.Registration.ExcelParameterRegistration})">
            <summary>
            Creates a new ExcelFunctionRegistration with the given LambdaExpression.
            Uses the passes in attributes for registration.
            
            The number of ExcelParameterRegistrations passed in must match the number of parameters in the LambdaExpression.
            </summary>
            <param name="functionLambda"></param>
            <param name="functionAttribute"></param>
            <param name="parameterRegistrations"></param>
        </member>
        <member name="M:ExcelDna.Registration.ExcelFunctionRegistration.#ctor(System.Linq.Expressions.LambdaExpression)">
            <summary>
            Creates a new ExcelFunctionRegistration from a LambdaExpression.
            Uses the Name and Parameter Names to fill in the default attributes.
            </summary>
            <param name="functionLambda"></param>
        </member>
        <member name="M:ExcelDna.Registration.ExcelFunctionRegistration.#ctor(System.Reflection.MethodInfo)">
            <summary>
            Creates a new ExcelFunctionRegistration from a MethodInfo, with a LambdaExpression that represents a call to the method.
            Uses the Name and Parameter Names from the MethodInfo to fill in the default attributes.
            All CustomAttributes on the method and parameters are copies to the respective collections in the ExcelFunctionRegistration.
            </summary>
            <param name="methodInfo"></param>
        </member>
        <member name="M:ExcelDna.Registration.ExcelParameterRegistration.#ctor(System.Reflection.ParameterInfo)">
            <summary>
            Also craetes attributes from Optional / Default Value
            </summary>
            <param name="parameterInfo"></param>
        </member>
        <member name="M:ExcelDna.Registration.ExcelRegistration.GetExcelFunctions">
            <summary>
            Retrieve registration wrappers for all (public, static) functions marked with [ExcelFunction] attributes, 
            in all exported assemblies.
            </summary>
            <returns>All public static methods in registered assemblies that are decorated with an [ExcelFunction] attribute 
            (or a derived attribute, like [ExcelAsyncFunction]).
            </returns>
        </member>
        <member name="M:ExcelDna.Registration.ExcelRegistration.ProcessFunctions(System.Collections.Generic.IEnumerable{ExcelDna.Registration.ExcelFunctionRegistration})">
            <summary>
            Prepares the given functions for registration with Excel-DNA.
            </summary>
            <param name="registrationEntries"></param>
        </member>
        <member name="M:ExcelDna.Registration.ExcelRegistration.RegisterFunctions(System.Collections.Generic.IEnumerable{ExcelDna.Registration.ExcelFunctionRegistration})">
            <summary>
            Registers the given functions with Excel-DNA.
            </summary>
            <param name="registrationEntries"></param>
        </member>
        <member name="M:ExcelDna.Registration.ExcelRegistration.GetExcelCommands">
            <summary>
            Retrieve registration wrappers for all (public, static) methods marked with [ExcelCommand] attributes, 
            in all exported assemblies.
            </summary>
            <returns>All public static methods in registered assemblies that are decorated with an [ExcelCommand] attribute 
            (or a derived attribute)
            </returns>
        </member>
        <member name="M:ExcelDna.Registration.ExcelRegistration.RegisterCommands(System.Collections.Generic.IEnumerable{ExcelDna.Registration.ExcelCommandRegistration})">
            <summary>
            Registers the given macros with Excel-DNA.
            </summary>
            <param name="registrationEntries"></param>
        </member>
        <member name="F:ExcelDna.Registration.FlowBehavior.Default">
            <summary>
            Default behaviour - Same as continue for OnEnter, OnSuccess and OnExit; same as RethrowException for OnException.
            </summary>
        </member>
        <member name="F:ExcelDna.Registration.FlowBehavior.RethrowException">
            <summary>
            Rethrow the current exception - only valid for OnException handlers.
            </summary>
        </member>
        <member name="F:ExcelDna.Registration.FlowBehavior.Return">
            Return the value of ReturnValue immediately  - For OnEnter will skip the method execution and the OnSuccess handlers, but will run OnExit handlers
        </member>
        <member name="F:ExcelDna.Registration.FlowBehavior.ThrowException">
            <summary>
            Throw the Exception in the Exception property - For OnException handlers only.
            </summary>
        </member>
        <member name="P:ExcelDna.Registration.ParameterConversionConfiguration.ReturnConversion.HandleSubTypes">
            <summary>
            If true, the conversion will also convert all subtypes of its input type
            </summary>
        </member>
        <member name="M:ExcelDna.Registration.ParameterConversionConfiguration.AddParameterConversion(System.Func{System.Type,ExcelDna.Registration.ExcelParameterRegistration,System.Linq.Expressions.LambdaExpression},System.Type)">
            <summary>
            Converts a parameter from an Excel-friendly type (e.g. object, or string) to an add-in friendly type, e.g. double? or InternalType.
            Will only be considered for those parameters that have a 'to' type that matches targetTypeOrNull,
             or for all types if null is passes for the first parameter.
            </summary>
            <param name="parameterConversion"></param>
            <param name="targetTypeOrNull"></param>
        </member>
        <member name="M:ExcelDna.Registration.ParameterConversionConfiguration.AddNullableConversion(System.Boolean,System.Boolean)">
            <summary>
            Adds a Nullable conversion that will also translate any type parameter T of Nullable[T] for which there is a conversion in the configutation.
            Note that the added rule is quite generic and only has access to the T conversion rules that have already been added before it, so you should
            call this at the very bottom of your configuration setup sequence.
            </summary>
            <param name="treatEmptyAsMissing">If true, any empty cells will be treated as null values</param>
            <param name="treatNAErrorAsMissing">If true, any #NA! errors will be treated as null values</param>
            <returns>The parameter conversion configuration with the new added rule</returns>
        </member>
        <member name="T:ExcelDna.Registration.ParameterConversions">
            <summary>
            Defines some standard Parameter Conversions.
            Register by calling ParameterConversionConfiguration.AddParameterConversion(ParameterConversions.NullableConversion);
            </summary>
        </member>
        <member name="M:ExcelDna.Registration.ParameterConversions.GetNullableConversion(System.Boolean,System.Boolean)">
            <summary>
            Legacy method: this returns a converter for Nullable[T] where T is one of the basic types that do not require any converter.
            If you need a Nullable[T] converter that can call into another for T, then use ParameterConversionConfiguration.AddNullableConversion.
            </summary>
            <param name="treatEmptyAsMissing"></param>
            <param name="treatNAErrorAsMissing"></param>
            <returns></returns>
        </member>
        <member name="M:ExcelDna.Registration.ParamsRegistration.ProcessParamsRegistrations(System.Collections.Generic.IEnumerable{ExcelDna.Registration.ExcelFunctionRegistration})">
            <summary>
            Adds parameters to amy function ending in a params parameter, to take the total number of parameters to 125 (or 29 under Excel 2003).
            </summary>
            <param name="registrations"></param>
            <returns></returns>
        </member>
        <member name="M:ExcelDna.Registration.SymbolExtensions.GetMethodInfo(System.Linq.Expressions.Expression{System.Action})">
            <summary>
            Given a lambda expression that calls a method, returns the method info.
            </summary>
            <typeparam name="T"></typeparam>
            <param name="expression">The expression.</param>
            <returns></returns>
        </member>
        <member name="M:ExcelDna.Registration.SymbolExtensions.GetMethodInfo``1(System.Linq.Expressions.Expression{System.Action{``0}})">
            <summary>
            Given a lambda expression that calls a method, returns the method info.
            </summary>
            <typeparam name="T"></typeparam>
            <param name="expression">The expression.</param>
            <returns></returns>
        </member>
        <member name="M:ExcelDna.Registration.SymbolExtensions.GetMethodInfo``2(System.Linq.Expressions.Expression{System.Func{``0,``1}})">
            <summary>
            Given a lambda expression that calls a method, returns the method info.
            </summary>
            <typeparam name="T"></typeparam>
            <param name="expression">The expression.</param>
            <returns></returns>
        </member>
        <member name="M:ExcelDna.Registration.SymbolExtensions.GetMethodInfo(System.Linq.Expressions.LambdaExpression)">
            <summary>
            Given a lambda expression that calls a method, returns the method info.
            </summary>
            <param name="expression">The expression.</param>
            <returns></returns>
        </member>
        <member name="T:JetBrains.Annotations.CanBeNullAttribute">
            <summary>
            Indicates that the value of the marked element could be <c>null</c> sometimes,
            so the check for <c>null</c> is necessary before its usage.
            </summary>
            <example><code>
            [CanBeNull] object Test() => null;
            
            void UseTest() {
              var p = Test();
              var s = p.ToString(); // Warning: Possible 'System.NullReferenceException'
            }
            </code></example>
        </member>
        <member name="T:JetBrains.Annotations.NotNullAttribute">
            <summary>
            Indicates that the value of the marked element could never be <c>null</c>.
            </summary>
            <example><code>
            [NotNull] object Foo() {
              return null; // Warning: Possible 'null' assignment
            }
            </code></example>
        </member>
        <member name="T:JetBrains.Annotations.ItemNotNullAttribute">
            <summary>
            Can be appplied to symbols of types derived from IEnumerable as well as to symbols of Task
            and Lazy classes to indicate that the value of a collection item, of the Task.Result property
            or of the Lazy.Value property can never be null.
            </summary>
        </member>
        <member name="T:JetBrains.Annotations.ItemCanBeNullAttribute">
            <summary>
            Can be appplied to symbols of types derived from IEnumerable as well as to symbols of Task
            and Lazy classes to indicate that the value of a collection item, of the Task.Result property
            or of the Lazy.Value property can be null.
            </summary>
        </member>
        <member name="T:JetBrains.Annotations.StringFormatMethodAttribute">
            <summary>
            Indicates that the marked method builds string by format pattern and (optional) arguments.
            Parameter, which contains format string, should be given in constructor. The format string
            should be in <see cref="M:System.String.Format(System.IFormatProvider,System.String,System.Object[])"/>-like form.
            </summary>
            <example><code>
            [StringFormatMethod("message")]
            void ShowError(string message, params object[] args) { /* do something */ }
            
            void Foo() {
              ShowError("Failed: {0}"); // Warning: Non-existing argument in format string
            }
            </code></example>
        </member>
        <member name="M:JetBrains.Annotations.StringFormatMethodAttribute.#ctor(System.String)">
            <param name="formatParameterName">
            Specifies which parameter of an annotated method should be treated as format-string
            </param>
        </member>
        <member name="T:JetBrains.Annotations.ValueProviderAttribute">
            <summary>
            For a parameter that is expected to be one of the limited set of values.
            Specify fields of which type should be used as values for this parameter.
            </summary>
        </member>
        <member name="T:JetBrains.Annotations.InvokerParameterNameAttribute">
            <summary>
            Indicates that the function argument should be string literal and match one
            of the parameters of the caller function. For example, ReSharper annotates
            the parameter of <see cref="T:System.ArgumentNullException"/>.
            </summary>
            <example><code>
            void Foo(string param) {
              if (param == null)
                throw new ArgumentNullException("par"); // Warning: Cannot resolve symbol
            }
            </code></example>
        </member>
        <member name="T:JetBrains.Annotations.NotifyPropertyChangedInvocatorAttribute">
             <summary>
             Indicates that the method is contained in a type that implements
             <c>System.ComponentModel.INotifyPropertyChanged</c> interface and this method
             is used to notify that some property value changed.
             </summary>
             <remarks>
             The method should be non-static and conform to one of the supported signatures:
             <list>
             <item><c>NotifyChanged(string)</c></item>
             <item><c>NotifyChanged(params string[])</c></item>
             <item><c>NotifyChanged{T}(Expression{Func{T}})</c></item>
             <item><c>NotifyChanged{T,U}(Expression{Func{T,U}})</c></item>
             <item><c>SetProperty{T}(ref T, T, string)</c></item>
             </list>
             </remarks>
             <example><code>
             public class Foo : INotifyPropertyChanged {
               public event PropertyChangedEventHandler PropertyChanged;
             
               [NotifyPropertyChangedInvocator]
               protected virtual void NotifyChanged(string propertyName) { ... }
            
               string _name;
             
               public string Name {
                 get { return _name; }
                 set { _name = value; NotifyChanged("LastName"); /* Warning */ }
               }
             }
             </code>
             Examples of generated notifications:
             <list>
             <item><c>NotifyChanged("Property")</c></item>
             <item><c>NotifyChanged(() =&gt; Property)</c></item>
             <item><c>NotifyChanged((VM x) =&gt; x.Property)</c></item>
             <item><c>SetProperty(ref myField, value, "Property")</c></item>
             </list>
             </example>
        </member>
        <member name="T:JetBrains.Annotations.ContractAnnotationAttribute">
            <summary>
            Describes dependency between method input and output.
            </summary>
            <syntax>
            <p>Function Definition Table syntax:</p>
            <list>
            <item>FDT      ::= FDTRow [;FDTRow]*</item>
            <item>FDTRow   ::= Input =&gt; Output | Output &lt;= Input</item>
            <item>Input    ::= ParameterName: Value [, Input]*</item>
            <item>Output   ::= [ParameterName: Value]* {halt|stop|void|nothing|Value}</item>
            <item>Value    ::= true | false | null | notnull | canbenull</item>
            </list>
            If method has single input parameter, it's name could be omitted.<br/>
            Using <c>halt</c> (or <c>void</c>/<c>nothing</c>, which is the same) for method output
            means that the methos doesn't return normally (throws or terminates the process).<br/>
            Value <c>canbenull</c> is only applicable for output parameters.<br/>
            You can use multiple <c>[ContractAnnotation]</c> for each FDT row, or use single attribute
            with rows separated by semicolon. There is no notion of order rows, all rows are checked
            for applicability and applied per each program state tracked by R# analysis.<br/>
            </syntax>
            <examples><list>
            <item><code>
            [ContractAnnotation("=&gt; halt")]
            public void TerminationMethod()
            </code></item>
            <item><code>
            [ContractAnnotation("halt &lt;= condition: false")]
            public void Assert(bool condition, string text) // regular assertion method
            </code></item>
            <item><code>
            [ContractAnnotation("s:null =&gt; true")]
            public bool IsNullOrEmpty(string s) // string.IsNullOrEmpty()
            </code></item>
            <item><code>
            // A method that returns null if the parameter is null,
            // and not null if the parameter is not null
            [ContractAnnotation("null =&gt; null; notnull =&gt; notnull")]
            public object Transform(object data) 
            </code></item>
            <item><code>
            [ContractAnnotation("=&gt; true, result: notnull; =&gt; false, result: null")]
            public bool TryParse(string s, out Person result)
            </code></item>
            </list></examples>
        </member>
        <member name="T:JetBrains.Annotations.LocalizationRequiredAttribute">
            <summary>
            Indicates that marked element should be localized or not.
            </summary>
            <example><code>
            [LocalizationRequiredAttribute(true)]
            class Foo {
              string str = "my string"; // Warning: Localizable string
            }
            </code></example>
        </member>
        <member name="T:JetBrains.Annotations.CannotApplyEqualityOperatorAttribute">
            <summary>
            Indicates that the value of the marked type (or its derivatives)
            cannot be compared using '==' or '!=' operators and <c>Equals()</c>
            should be used instead. However, using '==' or '!=' for comparison
            with <c>null</c> is always permitted.
            </summary>
            <example><code>
            [CannotApplyEqualityOperator]
            class NoEquality { }
            
            class UsesNoEquality {
              void Test() {
                var ca1 = new NoEquality();
                var ca2 = new NoEquality();
                if (ca1 != null) { // OK
                  bool condition = ca1 == ca2; // Warning
                }
              }
            }
            </code></example>
        </member>
        <member name="T:JetBrains.Annotations.BaseTypeRequiredAttribute">
            <summary>
            When applied to a target attribute, specifies a requirement for any type marked
            with the target attribute to implement or inherit specific type or types.
            </summary>
            <example><code>
            [BaseTypeRequired(typeof(IComponent)] // Specify requirement
            class ComponentAttribute : Attribute { }
            
            [Component] // ComponentAttribute requires implementing IComponent interface
            class MyComponent : IComponent { }
            </code></example>
        </member>
        <member name="T:JetBrains.Annotations.UsedImplicitlyAttribute">
            <summary>
            Indicates that the marked symbol is used implicitly (e.g. via reflection, in external library),
            so this symbol will not be marked as unused (as well as by other usage inspections).
            </summary>
        </member>
        <member name="T:JetBrains.Annotations.MeansImplicitUseAttribute">
            <summary>
            Should be used on attributes and causes ReSharper to not mark symbols marked with such attributes
            as unused (as well as by other usage inspections)
            </summary>
        </member>
        <member name="F:JetBrains.Annotations.ImplicitUseKindFlags.Access">
            <summary>Only entity marked with attribute considered used.</summary>
        </member>
        <member name="F:JetBrains.Annotations.ImplicitUseKindFlags.Assign">
            <summary>Indicates implicit assignment to a member.</summary>
        </member>
        <member name="F:JetBrains.Annotations.ImplicitUseKindFlags.InstantiatedWithFixedConstructorSignature">
            <summary>
            Indicates implicit instantiation of a type with fixed constructor signature.
            That means any unused constructor parameters won't be reported as such.
            </summary>
        </member>
        <member name="F:JetBrains.Annotations.ImplicitUseKindFlags.InstantiatedNoFixedConstructorSignature">
            <summary>Indicates implicit instantiation of a type.</summary>
        </member>
        <member name="T:JetBrains.Annotations.ImplicitUseTargetFlags">
            <summary>
            Specify what is considered used implicitly when marked
            with <see cref="T:JetBrains.Annotations.MeansImplicitUseAttribute"/> or <see cref="T:JetBrains.Annotations.UsedImplicitlyAttribute"/>.
            </summary>
        </member>
        <member name="F:JetBrains.Annotations.ImplicitUseTargetFlags.Members">
            <summary>Members of entity marked with attribute are considered used.</summary>
        </member>
        <member name="F:JetBrains.Annotations.ImplicitUseTargetFlags.WithMembers">
            <summary>Entity marked with attribute and all its members considered used.</summary>
        </member>
        <member name="T:JetBrains.Annotations.PublicAPIAttribute">
            <summary>
            This attribute is intended to mark publicly available API
            which should not be removed and so is treated as used.
            </summary>
        </member>
        <member name="T:JetBrains.Annotations.InstantHandleAttribute">
            <summary>
            Tells code analysis engine if the parameter is completely handled when the invoked method is on stack.
            If the parameter is a delegate, indicates that delegate is executed while the method is executed.
            If the parameter is an enumerable, indicates that it is enumerated while the method is executed.
            </summary>
        </member>
        <member name="T:JetBrains.Annotations.PureAttribute">
            <summary>
            Indicates that a method does not make any observable state changes.
            The same as <c>System.Diagnostics.Contracts.PureAttribute</c>.
            </summary>
            <example><code>
            [Pure] int Multiply(int x, int y) => x * y;
            
            void M() {
              Multiply(123, 42); // Waring: Return value of pure method is not used
            }
            </code></example>
        </member>
        <member name="T:JetBrains.Annotations.MustUseReturnValueAttribute">
            <summary>
            Indicates that the return value of method invocation must be used.
            </summary>
        </member>
        <member name="T:JetBrains.Annotations.ProvidesContextAttribute">
            <summary>
            Indicates the type member or parameter of some type, that should be used instead of all other ways
            to get the value that type. This annotation is useful when you have some "context" value evaluated
            and stored somewhere, meaning that all other ways to get this value must be consolidated with existing one.
            </summary>
            <example><code>
            class Foo {
              [ProvidesContext] IBarService _barService = ...;
            
              void ProcessNode(INode node) {
                DoSomething(node, node.GetGlobalServices().Bar);
                //              ^ Warning: use value of '_barService' field
              }
            }
            </code></example>
        </member>
        <member name="T:JetBrains.Annotations.PathReferenceAttribute">
            <summary>
            Indicates that a parameter is a path to a file or a folder within a web project.
            Path can be relative or absolute, starting from web root (~).
            </summary>
        </member>
        <member name="T:JetBrains.Annotations.SourceTemplateAttribute">
            <summary>
            An extension method marked with this attribute is processed by ReSharper code completion
            as a 'Source Template'. When extension method is completed over some expression, it's source code
            is automatically expanded like a template at call site.
            </summary>
            <remarks>
            Template method body can contain valid source code and/or special comments starting with '$'.
            Text inside these comments is added as source code when the template is applied. Template parameters
            can be used either as additional method parameters or as identifiers wrapped in two '$' signs.
            Use the <see cref="T:JetBrains.Annotations.MacroAttribute"/> attribute to specify macros for parameters.
            </remarks>
            <example>
            In this example, the 'forEach' method is a source template available over all values
            of enumerable types, producing ordinary C# 'foreach' statement and placing caret inside block:
            <code>
            [SourceTemplate]
            public static void forEach&lt;T&gt;(this IEnumerable&lt;T&gt; xs) {
              foreach (var x in xs) {
                 //$ $END$
              }
            }
            </code>
            </example>
        </member>
        <member name="T:JetBrains.Annotations.MacroAttribute">
            <summary>
            Allows specifying a macro for a parameter of a <see cref="T:JetBrains.Annotations.SourceTemplateAttribute">source template</see>.
            </summary>
            <remarks>
            You can apply the attribute on the whole method or on any of its additional parameters. The macro expression
            is defined in the <see cref="P:JetBrains.Annotations.MacroAttribute.Expression"/> property. When applied on a method, the target
            template parameter is defined in the <see cref="P:JetBrains.Annotations.MacroAttribute.Target"/> property. To apply the macro silently
            for the parameter, set the <see cref="P:JetBrains.Annotations.MacroAttribute.Editable"/> property value = -1.
            </remarks>
            <example>
            Applying the attribute on a source template method:
            <code>
            [SourceTemplate, Macro(Target = "item", Expression = "suggestVariableName()")]
            public static void forEach&lt;T&gt;(this IEnumerable&lt;T&gt; collection) {
              foreach (var item in collection) {
                //$ $END$
              }
            }
            </code>
            Applying the attribute on a template method parameter:
            <code>
            [SourceTemplate]
            public static void something(this Entity x, [Macro(Expression = "guid()", Editable = -1)] string newguid) {
              /*$ var $x$Id = "$newguid$" + x.ToString();
              x.DoSomething($x$Id); */
            }
            </code>
            </example>
        </member>
        <member name="P:JetBrains.Annotations.MacroAttribute.Expression">
            <summary>
            Allows specifying a macro that will be executed for a <see cref="T:JetBrains.Annotations.SourceTemplateAttribute">source template</see>
            parameter when the template is expanded.
            </summary>
        </member>
        <member name="P:JetBrains.Annotations.MacroAttribute.Editable">
            <summary>
            Allows specifying which occurrence of the target parameter becomes editable when the template is deployed.
            </summary>
            <remarks>
            If the target parameter is used several times in the template, only one occurrence becomes editable;
            other occurrences are changed synchronously. To specify the zero-based index of the editable occurrence,
            use values >= 0. To make the parameter non-editable when the template is expanded, use -1.
            </remarks>>
        </member>
        <member name="P:JetBrains.Annotations.MacroAttribute.Target">
            <summary>
            Identifies the target parameter of a <see cref="T:JetBrains.Annotations.SourceTemplateAttribute">source template</see> if the
            <see cref="T:JetBrains.Annotations.MacroAttribute"/> is applied on a template method.
            </summary>
        </member>
        <member name="T:JetBrains.Annotations.AspMvcActionAttribute">
            <summary>
            ASP.NET MVC attribute. If applied to a parameter, indicates that the parameter
            is an MVC action. If applied to a method, the MVC action name is calculated
            implicitly from the context. Use this attribute for custom wrappers similar to
            <c>System.Web.Mvc.Html.ChildActionExtensions.RenderAction(HtmlHelper, String)</c>.
            </summary>
        </member>
        <member name="T:JetBrains.Annotations.AspMvcAreaAttribute">
            <summary>
            ASP.NET MVC attribute. Indicates that a parameter is an MVC area.
            Use this attribute for custom wrappers similar to
            <c>System.Web.Mvc.Html.ChildActionExtensions.RenderAction(HtmlHelper, String)</c>.
            </summary>
        </member>
        <member name="T:JetBrains.Annotations.AspMvcControllerAttribute">
            <summary>
            ASP.NET MVC attribute. If applied to a parameter, indicates that the parameter is
            an MVC controller. If applied to a method, the MVC controller name is calculated
            implicitly from the context. Use this attribute for custom wrappers similar to
            <c>System.Web.Mvc.Html.ChildActionExtensions.RenderAction(HtmlHelper, String, String)</c>.
            </summary>
        </member>
        <member name="T:JetBrains.Annotations.AspMvcMasterAttribute">
            <summary>
            ASP.NET MVC attribute. Indicates that a parameter is an MVC Master. Use this attribute
            for custom wrappers similar to <c>System.Web.Mvc.Controller.View(String, String)</c>.
            </summary>
        </member>
        <member name="T:JetBrains.Annotations.AspMvcModelTypeAttribute">
            <summary>
            ASP.NET MVC attribute. Indicates that a parameter is an MVC model type. Use this attribute
            for custom wrappers similar to <c>System.Web.Mvc.Controller.View(String, Object)</c>.
            </summary>
        </member>
        <member name="T:JetBrains.Annotations.AspMvcPartialViewAttribute">
            <summary>
            ASP.NET MVC attribute. If applied to a parameter, indicates that the parameter is an MVC
            partial view. If applied to a method, the MVC partial view name is calculated implicitly
            from the context. Use this attribute for custom wrappers similar to
            <c>System.Web.Mvc.Html.RenderPartialExtensions.RenderPartial(HtmlHelper, String)</c>.
            </summary>
        </member>
        <member name="T:JetBrains.Annotations.AspMvcSuppressViewErrorAttribute">
            <summary>
            ASP.NET MVC attribute. Allows disabling inspections for MVC views within a class or a method.
            </summary>
        </member>
        <member name="T:JetBrains.Annotations.AspMvcDisplayTemplateAttribute">
            <summary>
            ASP.NET MVC attribute. Indicates that a parameter is an MVC display template.
            Use this attribute for custom wrappers similar to 
            <c>System.Web.Mvc.Html.DisplayExtensions.DisplayForModel(HtmlHelper, String)</c>.
            </summary>
        </member>
        <member name="T:JetBrains.Annotations.AspMvcEditorTemplateAttribute">
            <summary>
            ASP.NET MVC attribute. Indicates that a parameter is an MVC editor template.
            Use this attribute for custom wrappers similar to
            <c>System.Web.Mvc.Html.EditorExtensions.EditorForModel(HtmlHelper, String)</c>.
            </summary>
        </member>
        <member name="T:JetBrains.Annotations.AspMvcTemplateAttribute">
            <summary>
            ASP.NET MVC attribute. Indicates that a parameter is an MVC template.
            Use this attribute for custom wrappers similar to
            <c>System.ComponentModel.DataAnnotations.UIHintAttribute(System.String)</c>.
            </summary>
        </member>
        <member name="T:JetBrains.Annotations.AspMvcViewAttribute">
            <summary>
            ASP.NET MVC attribute. If applied to a parameter, indicates that the parameter
            is an MVC view component. If applied to a method, the MVC view name is calculated implicitly
            from the context. Use this attribute for custom wrappers similar to
            <c>System.Web.Mvc.Controller.View(Object)</c>.
            </summary>
        </member>
        <member name="T:JetBrains.Annotations.AspMvcViewComponentAttribute">
            <summary>
            ASP.NET MVC attribute. If applied to a parameter, indicates that the parameter
            is an MVC view component name.
            </summary>
        </member>
        <member name="T:JetBrains.Annotations.AspMvcViewComponentViewAttribute">
            <summary>
            ASP.NET MVC attribute. If applied to a parameter, indicates that the parameter
            is an MVC view component view. If applied to a method, the MVC view component view name is default.
            </summary>
        </member>
        <member name="T:JetBrains.Annotations.AspMvcActionSelectorAttribute">
            <summary>
            ASP.NET MVC attribute. When applied to a parameter of an attribute,
            indicates that this parameter is an MVC action name.
            </summary>
            <example><code>
            [ActionName("Foo")]
            public ActionResult Login(string returnUrl) {
              ViewBag.ReturnUrl = Url.Action("Foo"); // OK
              return RedirectToAction("Bar"); // Error: Cannot resolve action
            }
            </code></example>
        </member>
        <member name="T:JetBrains.Annotations.RazorSectionAttribute">
            <summary>
            Razor attribute. Indicates that a parameter or a method is a Razor section.
            Use this attribute for custom wrappers similar to 
            <c>System.Web.WebPages.WebPageBase.RenderSection(String)</c>.
            </summary>
        </member>
        <member name="T:JetBrains.Annotations.CollectionAccessAttribute">
            <summary>
            Indicates how method, constructor invocation or property access
            over collection type affects content of the collection.
            </summary>
        </member>
        <member name="F:JetBrains.Annotations.CollectionAccessType.None">
            <summary>Method does not use or modify content of the collection.</summary>
        </member>
        <member name="F:JetBrains.Annotations.CollectionAccessType.Read">
            <summary>Method only reads content of the collection but does not modify it.</summary>
        </member>
        <member name="F:JetBrains.Annotations.CollectionAccessType.ModifyExistingContent">
            <summary>Method can change content of the collection but does not add new elements.</summary>
        </member>
        <member name="F:JetBrains.Annotations.CollectionAccessType.UpdatedContent">
            <summary>Method can add new elements to the collection.</summary>
        </member>
        <member name="T:JetBrains.Annotations.AssertionMethodAttribute">
            <summary>
            Indicates that the marked method is assertion method, i.e. it halts control flow if
            one of the conditions is satisfied. To set the condition, mark one of the parameters with 
            <see cref="T:JetBrains.Annotations.AssertionConditionAttribute"/> attribute.
            </summary>
        </member>
        <member name="T:JetBrains.Annotations.AssertionConditionAttribute">
            <summary>
            Indicates the condition parameter of the assertion method. The method itself should be
            marked by <see cref="T:JetBrains.Annotations.AssertionMethodAttribute"/> attribute. The mandatory argument of
            the attribute is the assertion type.
            </summary>
        </member>
        <member name="T:JetBrains.Annotations.AssertionConditionType">
            <summary>
            Specifies assertion type. If the assertion method argument satisfies the condition,
            then the execution continues. Otherwise, execution is assumed to be halted.
            </summary>
        </member>
        <member name="F:JetBrains.Annotations.AssertionConditionType.IS_TRUE">
            <summary>Marked parameter should be evaluated to true.</summary>
        </member>
        <member name="F:JetBrains.Annotations.AssertionConditionType.IS_FALSE">
            <summary>Marked parameter should be evaluated to false.</summary>
        </member>
        <member name="F:JetBrains.Annotations.AssertionConditionType.IS_NULL">
            <summary>Marked parameter should be evaluated to null value.</summary>
        </member>
        <member name="F:JetBrains.Annotations.AssertionConditionType.IS_NOT_NULL">
            <summary>Marked parameter should be evaluated to not null value.</summary>
        </member>
        <member name="T:JetBrains.Annotations.TerminatesProgramAttribute">
            <summary>
            Indicates that the marked method unconditionally terminates control flow execution.
            For example, it could unconditionally throw exception.
            </summary>
        </member>
        <member name="T:JetBrains.Annotations.LinqTunnelAttribute">
            <summary>
            Indicates that method is pure LINQ method, with postponed enumeration (like Enumerable.Select,
            .Where). This annotation allows inference of [InstantHandle] annotation for parameters
            of delegate type by analyzing LINQ method chains.
            </summary>
        </member>
        <member name="T:JetBrains.Annotations.NoEnumerationAttribute">
            <summary>
            Indicates that IEnumerable, passed as parameter, is not enumerated.
            </summary>
        </member>
        <member name="T:JetBrains.Annotations.RegexPatternAttribute">
            <summary>
            Indicates that parameter is regular expression pattern.
            </summary>
        </member>
        <member name="T:JetBrains.Annotations.NoReorderAttribute">
            <summary>
            Prevents the Member Reordering feature from tossing members of the marked class.
            </summary>
            <remarks>
            The attribute must be mentioned in your member reordering patterns
            </remarks>
        </member>
        <member name="T:JetBrains.Annotations.XamlItemsControlAttribute">
            <summary>
            XAML attribute. Indicates the type that has <c>ItemsSource</c> property and should be treated
            as <c>ItemsControl</c>-derived type, to enable inner items <c>DataContext</c> type resolve.
            </summary>
        </member>
        <member name="T:JetBrains.Annotations.XamlItemBindingOfItemsControlAttribute">
            <summary>
            XAML attribute. Indicates the property of some <c>BindingBase</c>-derived type, that
            is used to bind some item of <c>ItemsControl</c>-derived type. This annotation will
            enable the <c>DataContext</c> type resolve for XAML bindings for such properties.
            </summary>
            <remarks>
            Property should have the tree ancestor of the <c>ItemsControl</c> type or
            marked with the <see cref="T:JetBrains.Annotations.XamlItemsControlAttribute"/> attribute.
            </remarks>
        </member>
    </members>
</doc>
