<?xml version="1.0"?>
<doc>
    <assembly>
        <name>ITS.Atmospherics.P676</name>
    </assembly>
    <members>
        <member name="T:ITS.Atmospherics.P676">
            <summary>
            Attenuation by atmospheric gases and related effects
            </summary>
        </member>
        <member name="T:ITS.Atmospherics.P676.ReferenceAtmosphere">
            <summary>
            Recommendation ITU-R P.835 standard reference atmospheres
            </summary>
        </member>
        <member name="F:ITS.Atmospherics.P676.ReferenceAtmosphere.MAGRA">
            <summary>
            Mean annual global reference atmosphere
            </summary>
        </member>
        <member name="F:ITS.Atmospherics.P676.ReferenceAtmosphere.HighLatitudeSummer">
            <summary>
            High-latitude reference summer atmosphere.  Greater than 45 deg latitude.
            </summary>
        </member>
        <member name="F:ITS.Atmospherics.P676.ReferenceAtmosphere.HighLatitudeWinter">
            <summary>
            High-latitude reference winter atmosphere.  Greater than 45 deg latitude.
            </summary>
        </member>
        <member name="F:ITS.Atmospherics.P676.ReferenceAtmosphere.MidLatitudeSummer">
            <summary>
            Mid-latitude reference summer atmosphere.  Between 22 and 45 deg latitude.
            </summary>
        </member>
        <member name="F:ITS.Atmospherics.P676.ReferenceAtmosphere.MidLatitudeWinter">
            <summary>
            Mid-latitude reference winter atmosphere.  Between 22 and 45 deg latitude.
            </summary>
        </member>
        <member name="F:ITS.Atmospherics.P676.ReferenceAtmosphere.LowLatitude">
            <summary>
            Low-latitude annual reference atmosphere.  Less than 22 deg latitude.
            </summary>
        </member>
        <member name="M:ITS.Atmospherics.P676.SpecificAttenuation(System.Double,System.Double,System.Double,System.Double)">
            <summary>
            The specific gaseous attenuation due to dry air and water vapour, in dB/km.
            </summary>
            <param name="f__ghz">Frequency, in GHz</param>
            <param name="T__kelvin">Temperature, in Kelvin</param>
            <param name="e__hPa">Water vapour partial pressure, in hPa</param>
            <param name="p__hPa">Dry air pressure, in hPa</param>
            <returns>Specific gaseous attenuation, in dB/km</returns>
        </member>
        <member name="M:ITS.Atmospherics.P676.OxygenRefractivity(System.Double,System.Double,System.Double,System.Double)">
            <summary>
            Imaginary part of the frequency-dependent complex refractivity due to oxygen.
            </summary>
            <param name="f__ghz">Frequency, in GHz</param>
            <param name="T__kelvin">Temperature, in Kelvin</param>
            <param name="e__hPa">Water vapour partial pressure, in hPa</param>
            <param name="p__hPa">Dry air pressure, in hPa</param>
            <returns>Refractivity, in N-Units</returns>
        </member>
        <member name="M:ITS.Atmospherics.P676.WaterVapourRefractivity(System.Double,System.Double,System.Double,System.Double)">
            <summary>
            Imaginary part of the frequency-dependent complex refractivity due to water vapour.
            </summary>
            <param name="f__ghz">Frequency, in GHz</param>
            <param name="T__kelvin">Temperature, in Kelvin</param>
            <param name="e__hPa">Water vapour partial pressure, in hPa</param>
            <param name="p__hPa">Dry air pressure, in hPa</param>
            <returns>Refractivity, in N-Units</returns>
        </member>
        <member name="M:ITS.Atmospherics.P676.OxygenSpecificAttenuation(System.Double,System.Double,System.Double,System.Double)">
            <summary>
            The oxygen specific gaseous attenuation, in dB/km.
            </summary>
            <param name="f__ghz">Frequency, in GHz</param>
            <param name="T__kelvin">Temperature, in Kelvin</param>
            <param name="e__hPa">Water vapour partial pressure, in hPa</param>
            <param name="p__hPa">Dry air pressure, in hPa</param>
            <returns>Specific gaseous attenuation due to oxygen, in dB/km</returns>
        </member>
        <member name="M:ITS.Atmospherics.P676.WaterVapourSpecificAttenuation(System.Double,System.Double,System.Double,System.Double)">
            <summary>
            The water vapour specific gaseous attenuation, in dB/km.
            </summary>
            <param name="f__ghz">Frequency, in GHz</param>
            <param name="T__kelvin">Temperature, in Kelvin</param>
            <param name="e__hPa">Water vapour partial pressure, in hPa</param>
            <param name="p__hPa">Dry air pressure, in hPa</param>
            <returns>Specific gaseous attenuation due to water vapour, in dB/km</returns>
        </member>
        <member name="M:ITS.Atmospherics.P676.WaterVapourDensityToPartialPressure(System.Double,System.Double)">
            <summary>
            Convert water vapour density to partial pressure.
            </summary>
            <param name="rho__g_m3">Water vapour density, in m/g^3</param>
            <param name="T__kelvin">Temperature, in Kelvin</param>
            <returns>Water vapour partial pressure, in hPa</returns>
        </member>
        <member name="M:ITS.Atmospherics.P676.SlantPathAttenuation(System.Double,System.Double,System.Double,System.Double,ITS.Atmospherics.P676.ReferenceAtmosphere,ITS.Atmospherics.P676.SlantPathAttenuationResult@)">
            <summary>
            Calculate the slant path attenuation due to atmospheric absorption.
            </summary>
            <param name="f__ghz">Frequency, in GHz</param>
            <param name="h_1__km">Height of the low terminal, in km</param>
            <param name="h_2__km">Height of the high terminal, in km</param>
            <param name="beta_1__rad">Elevation angle (from zenith), in rad</param>
            <param name="atmosphere">Reference atmosphere from P.835</param>
            <param name="result">Slant path result structure</param>
            <returns>Return code</returns>
        </member>
        <member name="M:ITS.Atmospherics.P676.SlantPathAttenuation(System.Double,System.Double,System.Double,System.Double,System.Int32,ITS.Atmospherics.P676.SlantPathAttenuationResult@)">
            <summary>
            Calculate the slant path attenuation due to atmospheric absorption.
            </summary>
            <param name="f__ghz">Frequency, in GHz</param>
            <param name="h_1__km">Height of the low terminal, in km</param>
            <param name="h_2__km">Height of the high terminal, in km</param>
            <param name="beta_1__rad">Elevation angle (from zenith), in rad</param>
            <param name="atmosphere">Reference atmosphere from P.835</param>
            <param name="result">Slant path result structure</param>
            <returns>Return code</returns>
        </member>
        <member name="M:ITS.Atmospherics.P676.TerrestrialPathAttenuationEx(System.Double,System.Double,System.Double,System.Double,System.Double,System.Double@)">
            <summary>
            Gaseous attenuation for a terrestrial path, or for slightly inclined paths close to the ground.
            </summary>
            <param name="f__ghz">Frequency, in GHz</param>
            <param name="T__kelvin">Temperature, in Kelvin</param>
            <param name="e__hPa">Water vapour partial pressure, in hPa</param>
            <param name="p__hPa">Dry air pressure, in hPa</param>
            <param name="r_0__km">Path length, in km</param>
            <param name="A_gas__db">Gaseous attenuation, in dB</param>
            <returns>Return code</returns>
        </member>
        <member name="M:ITS.Atmospherics.P676.TerrestrialPathAttenuation(System.Double,ITS.Atmospherics.P676.ReferenceAtmosphere,System.Double,System.Double@)">
            <summary>
            Gaseous attenuation for a terrestrial path, or for slightly inclined paths close to the ground.
            </summary>
            <param name="f__ghz">Frequency, in GHz</param>
            <param name="atmosphere">Reference atmosphere from P.835</param>
            <param name="r_0__km">Path length, in km</param>
            <param name="A_gas__db">Gaseous attenuation, in dB</param>
            <returns>Return code</returns>
        </member>
        <member name="M:ITS.Atmospherics.P676.TerrestrialPathAttenuation(System.Double,System.Int32,System.Double,System.Double@)">
            <summary>
            Gaseous attenuation for a terrestrial path, or for slightly inclined paths close to the ground.
            </summary>
            <param name="f__ghz">Frequency, in GHz</param>
            <param name="atmosphere">Reference atmosphere from P.835</param>
            <param name="r_0__km">Path length, in km</param>
            <param name="A_gas__db">Gaseous attenuation, in dB</param>
            <returns>Return code</returns>
        </member>
        <member name="M:ITS.Atmospherics.P676.RefractiveIndex(System.Double,System.Double,System.Double)">
            <summary>
            Compute the refractive index.
            </summary>
            <param name="p__hPa">Dry pressure, in hPa</param>
            <param name="T__kelvin">Temperature, in Kelvin</param>
            <param name="e__hPa">Water vapour pressure, in hPa</param>
            <returns>Refractive index</returns>
        </member>
        <member name="T:ITS.Atmospherics.P676.SlantPathAttenuationResult">
            <summary>
            Results for a slant path
            </summary>
        </member>
        <member name="F:ITS.Atmospherics.P676.SlantPathAttenuationResult.A_gas__db">
            <summary>
            Gaseous attenuation, in dB
            </summary>
        </member>
        <member name="F:ITS.Atmospherics.P676.SlantPathAttenuationResult.bending__rad">
            <summary>
            Bending angle, in rad
            </summary>
        </member>
        <member name="F:ITS.Atmospherics.P676.SlantPathAttenuationResult.a__km">
            <summary>
            Ray length, in km
            </summary>
        </member>
        <member name="F:ITS.Atmospherics.P676.SlantPathAttenuationResult.incident__rad">
            <summary>
            Incident angle at h_2, in rad
            </summary>
        </member>
        <member name="F:ITS.Atmospherics.P676.SlantPathAttenuationResult.delta_L__km">
            <summary>
            Excess atmospheric path length, in km
            </summary>
        </member>
    </members>
</doc>
